0,1,2,3,4,5,6,7,8,9,10,11,12,13,14,15,16,17,18,19,20,21,22,23,24,25,26,27,28,29,30,31,32,33,34
thei,htig,thüe,thien,tien,thig,thie,,,,,,,,,,,,,,,,,,,,,,,,,,,,
perso,pres,pers,press,pris,,,,,,,,,,,,,,,,,,,,,,,,,,,,,,
bliw,bliwe,,,,,,,,,,,,,,,,,,,,,,,,,,,,,,,,,
chriw,charf,,,,,,,,,,,,,,,,,,,,,,,,,,,,,,,,,
merk,morg,morge,merik,,,,,,,,,,,,,,,,,,,,,,,,,,,,,,,
inter,andr,under,unter,andre,ander,,,,,,,,,,,,,,,,,,,,,,,,,,,,,
amer,ameri,immer,,,,,,,,,,,,,,,,,,,,,,,,,,,,,,,,
fang,finge,fink,fange,,,,,,,,,,,,,,,,,,,,,,,,,,,,,,,
chtl,gentl,gedul,,,,,,,,,,,,,,,,,,,,,,,,,,,,,,,,
rbar,,,,,,,,,,,,,,,,,,,,,,,,,,,,,,,,,,
natt,ntie,nter,nder,ntier,nati,ntoi,nitt,,,,,,,,,,,,,,,,,,,,,,,,,,,
erlo,arlo,irli,erlaü,irlig,,,,,,,,,,,,,,,,,,,,,,,,,,,,,,
chmec,g'mac,,,,,,,,,,,,,,,,,,,,,,,,,,,,,,,,,
omin,eimni,umen,imni,eimn,,,,,,,,,,,,,,,,,,,,,,,,,,,,,,
saue,ssig,sieh,ssier,'sàh,çois,seig,'sài,,,,,,,,,,,,,,,,,,,,,,,,,,,
g'sto,gsait,g'ste,g'st,,,,,,,,,,,,,,,,,,,,,,,,,,,,,,,
mens,mans,mnis,,,,,,,,,,,,,,,,,,,,,,,,,,,,,,,,
sass,,,,,,,,,,,,,,,,,,,,,,,,,,,,,,,,,,
biku,pack,boge,buck,bucke,büec,beka,,,,,,,,,,,,,,,,,,,,,,,,,,,,
sàll,,,,,,,,,,,,,,,,,,,,,,,,,,,,,,,,,,
g'sp,,,,,,,,,,,,,,,,,,,,,,,,,,,,,,,,,,
lewil,,,,,,,,,,,,,,,,,,,,,,,,,,,,,,,,,,
wohrs,hwarz,wirs,,,,,,,,,,,,,,,,,,,,,,,,,,,,,,,,
anke,unge,enig,ieng,inke,angie,ange,angi,ihnac,unger,,,,,,,,,,,,,,,,,,,,,,,,,
etsch,,,,,,,,,,,,,,,,,,,,,,,,,,,,,,,,,,
g'he,g'ha,chöe,chich,g'hi,gien,chaü,gier,chàh,kuen,g'hei,cien,chüa,g'hö,,,,,,,,,,,,,,,,,,,,,
immig,,,,,,,,,,,,,,,,,,,,,,,,,,,,,,,,,,
beste,post,best,,,,,,,,,,,,,,,,,,,,,,,,,,,,,,,,
lter,,,,,,,,,,,,,,,,,,,,,,,,,,,,,,,,,,
zite,,,,,,,,,,,,,,,,,,,,,,,,,,,,,,,,,,
liewe,lavi,llewi,lawa,liwe,laüw,llew,lavie,lewi,laüwe,lewe,lwer,liew,,,,,,,,,,,,,,,,,,,,,,
sàhn,'sun,sson,'sinn,sinn,sine,sahn,siner,sunn,,,,,,,,,,,,,,,,,,,,,,,,,,
schwö,schwi,chwi,chwö,'schw,,,,,,,,,,,,,,,,,,,,,,,,,,,,,,
cheid,gedu,chta,gent,güet,güete,geht,güat,kant,chtu,,,,,,,,,,,,,,,,,,,,,,,,,
glaüw,klav,klavi,,,,,,,,,,,,,,,,,,,,,,,,,,,,,,,,
immt,,,,,,,,,,,,,,,,,,,,,,,,,,,,,,,,,,
chim,schmu,schim,,,,,,,,,,,,,,,,,,,,,,,,,,,,,,,,
hich,höer,höen,hien,,,,,,,,,,,,,,,,,,,,,,,,,,,,,,,
hües,hass,heis,heiss,häis,hüse,,,,,,,,,,,,,,,,,,,,,,,,,,,,,
irkli,irkl,,,,,,,,,,,,,,,,,,,,,,,,,,,,,,,,,
zahl,zahle,zele,zall,zähl,zehl,,,,,,,,,,,,,,,,,,,,,,,,,,,,,
àlfi,allew,,,,,,,,,,,,,,,,,,,,,,,,,,,,,,,,,
eisst,osst,isite,iesst,isst,isit,,,,,,,,,,,,,,,,,,,,,,,,,,,,,
endli,entli,andel,andl,entl,endl,indel,,,,,,,,,,,,,,,,,,,,,,,,,,,,
soga,sage,,,,,,,,,,,,,,,,,,,,,,,,,,,,,,,,,
müett,mit-,matt,mit-e,meint,mitt,mode,hmut,matte,müet,,,,,,,,,,,,,,,,,,,,,,,,,
nele,nlig,hnall,hnal,nall,,,,,,,,,,,,,,,,,,,,,,,,,,,,,,
llons,lons,,,,,,,,,,,,,,,,,,,,,,,,,,,,,,,,,
gern,garn,,,,,,,,,,,,,,,,,,,,,,,,,,,,,,,,,
mair,'mach,mehr,mache,maire,mach,mmer,,,,,,,,,,,,,,,,,,,,,,,,,,,,
hitz,,,,,,,,,,,,,,,,,,,,,,,,,,,,,,,,,,
lind,linde,,,,,,,,,,,,,,,,,,,,,,,,,,,,,,,,,
häime,heim,häim,himme,himm,,,,,,,,,,,,,,,,,,,,,,,,,,,,,,
rlig,,,,,,,,,,,,,,,,,,,,,,,,,,,,,,,,,,
arsc,irsc,ohrsc,,,,,,,,,,,,,,,,,,,,,,,,,,,,,,,,
chtun,stein,stan,stun,,,,,,,,,,,,,,,,,,,,,,,,,,,,,,,
fieh,ffee,füer,,,,,,,,,,,,,,,,,,,,,,,,,,,,,,,,
risc,hrsc,hrisc,,,,,,,,,,,,,,,,,,,,,,,,,,,,,,,,
tiens,,,,,,,,,,,,,,,,,,,,,,,,,,,,,,,,,,
tzer,,,,,,,,,,,,,,,,,,,,,,,,,,,,,,,,,,
tnan,,,,,,,,,,,,,,,,,,,,,,,,,,,,,,,,,,
hwarz,verze,verzä,verz,,,,,,,,,,,,,,,,,,,,,,,,,,,,,,,
liger,hlage,lüege,lege,lage,lige,lawa,,,,,,,,,,,,,,,,,,,,,,,,,,,,
verg,vorig,verga,froge,frog,verge,,,,,,,,,,,,,,,,,,,,,,,,,,,,,
tlig,dlig,,,,,,,,,,,,,,,,,,,,,,,,,,,,,,,,,
lick,hlec,llic,hlage,lüci,hlag,hlac,lüeg,lüege,lege,lage,lige,lüag,lücie,llig,,,,,,,,,,,,,,,,,,,,
nscht,nsta,nste,nster,,,,,,,,,,,,,,,,,,,,,,,,,,,,,,,
edun,itain,itna,,,,,,,,,,,,,,,,,,,,,,,,,,,,,,,,
esser,ass-r,,,,,,,,,,,,,,,,,,,,,,,,,,,,,,,,,
eifa,aüfe,iefe,affee,avie,eife,enfi,aüwe,affe,,,,,,,,,,,,,,,,,,,,,,,,,,
gàlf,chlof,glaüw,klav,gàlfi,klavi,,,,,,,,,,,,,,,,,,,,,,,,,,,,,
vatte,vate,vatt,,,,,,,,,,,,,,,,,,,,,,,,,,,,,,,,
spot,,,,,,,,,,,,,,,,,,,,,,,,,,,,,,,,,,
adeli,entli,ettl,entl,adel,edul,ittel,idle,,,,,,,,,,,,,,,,,,,,,,,,,,,
hàft,,,,,,,,,,,,,,,,,,,,,,,,,,,,,,,,,,
kaffe,chef,kaüf,kaff,g'fa,chaff,chàf,g'fu,,,,,,,,,,,,,,,,,,,,,,,,,,,
hüal,hole,,,,,,,,,,,,,,,,,,,,,,,,,,,,,,,,,
ewill,efal,ewil,iwel,,,,,,,,,,,,,,,,,,,,,,,,,,,,,,,
b'sc,,,,,,,,,,,,,,,,,,,,,,,,,,,,,,,,,,
zeih,zeig,tzig,zieh,tzer,,,,,,,,,,,,,,,,,,,,,,,,,,,,,,
chber,,,,,,,,,,,,,,,,,,,,,,,,,,,,,,,,,,
hich,hasch,,,,,,,,,,,,,,,,,,,,,,,,,,,,,,,,,
acher,ihrer,ehrer,,,,,,,,,,,,,,,,,,,,,,,,,,,,,,,,
ogar,ager,acker,eger,iger,,,,,,,,,,,,,,,,,,,,,,,,,,,,,,
wiwe,,,,,,,,,,,,,,,,,,,,,,,,,,,,,,,,,,
rend,rind,,,,,,,,,,,,,,,,,,,,,,,,,,,,,,,,,
harz,,,,,,,,,,,,,,,,,,,,,,,,,,,,,,,,,,
chbe,capi,,,,,,,,,,,,,,,,,,,,,,,,,,,,,,,,,
suns,,,,,,,,,,,,,,,,,,,,,,,,,,,,,,,,,,
fast,fecht,,,,,,,,,,,,,,,,,,,,,,,,,,,,,,,,,
rànze,rànz,,,,,,,,,,,,,,,,,,,,,,,,,,,,,,,,,
fisch,fech,,,,,,,,,,,,,,,,,,,,,,,,,,,,,,,,,
brin,,,,,,,,,,,,,,,,,,,,,,,,,,,,,,,,,,
ossb,,,,,,,,,,,,,,,,,,,,,,,,,,,,,,,,,,
ellic,illic,elig,elek,,,,,,,,,,,,,,,,,,,,,,,,,,,,,,,
ohler,,,,,,,,,,,,,,,,,,,,,,,,,,,,,,,,,,
ebber,,,,,,,,,,,,,,,,,,,,,,,,,,,,,,,,,,
gros,chris,gross,,,,,,,,,,,,,,,,,,,,,,,,,,,,,,,,
duld,delt,tellt,,,,,,,,,,,,,,,,,,,,,,,,,,,,,,,,
eher,ehig,eihe,ahah,,,,,,,,,,,,,,,,,,,,,,,,,,,,,,,
rach,rüch,hrer,rüche,ràch,roch,,,,,,,,,,,,,,,,,,,,,,,,,,,,,
pedun,,,,,,,,,,,,,,,,,,,,,,,,,,,,,,,,,,
spir,sbur,spri,spar,,,,,,,,,,,,,,,,,,,,,,,,,,,,,,,
juli,julie,,,,,,,,,,,,,,,,,,,,,,,,,,,,,,,,,
toin,dann,toine,taine,dàne,thien,tain,dene,htun,tien,tein,,,,,,,,,,,,,,,,,,,,,,,,
walte,walt,wild,,,,,,,,,,,,,,,,,,,,,,,,,,,,,,,,
schic,chic,chick,,,,,,,,,,,,,,,,,,,,,,,,,,,,,,,,
verwi,,,,,,,,,,,,,,,,,,,,,,,,,,,,,,,,,,
erfa,erfah,ervo,erfi,erfe,,,,,,,,,,,,,,,,,,,,,,,,,,,,,,
wits,,,,,,,,,,,,,,,,,,,,,,,,,,,,,,,,,,
ltun,,,,,,,,,,,,,,,,,,,,,,,,,,,,,,,,,,
egeh,aüge,eige,ager,iege,eger,iger,üege,awer,,,,,,,,,,,,,,,,,,,,,,,,,,
ogar,,,,,,,,,,,,,,,,,,,,,,,,,,,,,,,,,,
meist,,,,,,,,,,,,,,,,,,,,,,,,,,,,,,,,,,
elis,elise,aloys,elsa,alles,also,,,,,,,,,,,,,,,,,,,,,,,,,,,,,
chlos,,,,,,,,,,,,,,,,,,,,,,,,,,,,,,,,,,
tirli,terle,terl,tirl,,,,,,,,,,,,,,,,,,,,,,,,,,,,,,,
schre,chri,schar,char,schri,,,,,,,,,,,,,,,,,,,,,,,,,,,,,,
bett,pped,ppedu,bedi,pita,pitai,pedu,beid,beide,,,,,,,,,,,,,,,,,,,,,,,,,,
kückü,kück,chick,ckück,chic,cküc,gege,,,,,,,,,,,,,,,,,,,,,,,,,,,,
rmög,,,,,,,,,,,,,,,,,,,,,,,,,,,,,,,,,,
statt,stat,chtet,,,,,,,,,,,,,,,,,,,,,,,,,,,,,,,,
bekan,,,,,,,,,,,,,,,,,,,,,,,,,,,,,,,,,,
rkenn,rikan,rken,,,,,,,,,,,,,,,,,,,,,,,,,,,,,,,,
amos,,,,,,,,,,,,,,,,,,,,,,,,,,,,,,,,,,
w-ich,wisch,,,,,,,,,,,,,,,,,,,,,,,,,,,,,,,,,
lech,llich,hlech,,,,,,,,,,,,,,,,,,,,,,,,,,,,,,,,
fisc,,,,,,,,,,,,,,,,,,,,,,,,,,,,,,,,,,
nege,nige,neger,,,,,,,,,,,,,,,,,,,,,,,,,,,,,,,,
ebbe,ebber,uppe,ebbi,,,,,,,,,,,,,,,,,,,,,,,,,,,,,,,
eher,,,,,,,,,,,,,,,,,,,,,,,,,,,,,,,,,,
drno,drin,derno,dern,trin,,,,,,,,,,,,,,,,,,,,,,,,,,,,,,
glich,chlä,cklig,gloi,glig,chle,glaü,g'le,chüal,ckli,chul,gläu,klig,,,,,,,,,,,,,,,,,,,,,,
schön,schna,chön,chna,schin,chine,chöne,chin,,,,,,,,,,,,,,,,,,,,,,,,,,,
igen,ücien,ekann,ekan,eigen,ikane,ikan,,,,,,,,,,,,,,,,,,,,,,,,,,,,
koch,char,giere,kehr,chier,g're,g'ri,krag,gier,g'hör,chri,g'hir,kuch,,,,,,,,,,,,,,,,,,,,,,
arsch,irsch,,,,,,,,,,,,,,,,,,,,,,,,,,,,,,,,,
hals,,,,,,,,,,,,,,,,,,,,,,,,,,,,,,,,,,
schtm,chtme,chtm,stimm,stim,,,,,,,,,,,,,,,,,,,,,,,,,,,,,,
vorne,fran,fràn,vorn,franç,frin,,,,,,,,,,,,,,,,,,,,,,,,,,,,,
spec,,,,,,,,,,,,,,,,,,,,,,,,,,,,,,,,,,
eimol,amili,imol,amol,emol,immel,,,,,,,,,,,,,,,,,,,,,,,,,,,,,
famo,,,,,,,,,,,,,,,,,,,,,,,,,,,,,,,,,,
roth,rthe,rothe,,,,,,,,,,,,,,,,,,,,,,,,,,,,,,,,
macht,,,,,,,,,,,,,,,,,,,,,,,,,,,,,,,,,,
ermö,orum,ihrem,arme,erem,,,,,,,,,,,,,,,,,,,,,,,,,,,,,,
ögli,eckel,ickl,ickli,öglig,uckel,,,,,,,,,,,,,,,,,,,,,,,,,,,,,
find,finot,funde,finde,,,,,,,,,,,,,,,,,,,,,,,,,,,,,,,
rump,rumpi,,,,,,,,,,,,,,,,,,,,,,,,,,,,,,,,,
charl,,,,,,,,,,,,,,,,,,,,,,,,,,,,,,,,,,
hirot,höert,,,,,,,,,,,,,,,,,,,,,,,,,,,,,,,,,
bien,,,,,,,,,,,,,,,,,,,,,,,,,,,,,,,,,,
avier,iwer,,,,,,,,,,,,,,,,,,,,,,,,,,,,,,,,,
erkt,,,,,,,,,,,,,,,,,,,,,,,,,,,,,,,,,,
rossb,,,,,,,,,,,,,,,,,,,,,,,,,,,,,,,,,,
lese,loss,hlos,loys,liess,hloss,lose,lies,lhüse,lles,lise,lhüs,lisa,,,,,,,,,,,,,,,,,,,,,,
ders,tros,tross,derz,tris,,,,,,,,,,,,,,,,,,,,,,,,,,,,,,
lacht,,,,,,,,,,,,,,,,,,,,,,,,,,,,,,,,,,
alter,elder,,,,,,,,,,,,,,,,,,,,,,,,,,,,,,,,,
hber,pare,brie,bber,pier,brüe,büech,,,,,,,,,,,,,,,,,,,,,,,,,,,,
dure,trei,toch,thür,thüre,traü,trag,drei,doch,,,,,,,,,,,,,,,,,,,,,,,,,,
supp,suppe,sepp,,,,,,,,,,,,,,,,,,,,,,,,,,,,,,,,
alla,ulie,iele,ohler,elli,aloy,allo,ohle,älle,ehle,allei,iell,alle,illi,elig,ahle,ielli,,,,,,,,,,,,,,,,,,
glick,glic,cklig,chlac,chlec,chlag,klig,glig,,,,,,,,,,,,,,,,,,,,,,,,,,,
pape,,,,,,,,,,,,,,,,,,,,,,,,,,,,,,,,,,
ingt,ankt,,,,,,,,,,,,,,,,,,,,,,,,,,,,,,,,,
ngli,ncle,,,,,,,,,,,,,,,,,,,,,,,,,,,,,,,,,
wenig,wànn,wann,wihna,wihn,weni,wohn,,,,,,,,,,,,,,,,,,,,,,,,,,,,
glaüb,,,,,,,,,,,,,,,,,,,,,,,,,,,,,,,,,,
gfan,gewan,,,,,,,,,,,,,,,,,,,,,,,,,,,,,,,,,
bien,hber,bber,pier,,,,,,,,,,,,,,,,,,,,,,,,,,,,,,,
loren,lehre,lehr,lache,lach,lore,hler,,,,,,,,,,,,,,,,,,,,,,,,,,,,
ieder,eiter,atir,oder,üeter,eter,ater,iter,äter,atro,üeder,atri,eder,atter,,,,,,,,,,,,,,,,,,,,,
cheid,chint,chta,chtig,ster,schta,schti,stei,stüe,chtu,,,,,,,,,,,,,,,,,,,,,,,,,
ektr,ektri,,,,,,,,,,,,,,,,,,,,,,,,,,,,,,,,,
nege,nige,ngie,hnac,nger,ngier,,,,,,,,,,,,,,,,,,,,,,,,,,,,,
hnach,nn'r,narr,nn-r,niere,nier,nurre,nach,,,,,,,,,,,,,,,,,,,,,,,,,,,
uldig,ehlt,ielt,ahlt,altu,alte,ilde,ählt,allt,elder,uldi,alta,alter,,,,,,,,,,,,,,,,,,,,,,
üsin,esen,asson,,,,,,,,,,,,,,,,,,,,,,,,,,,,,,,,
umpfe,ampf,umpf,,,,,,,,,,,,,,,,,,,,,,,,,,,,,,,,
ihre,ahre,oren,acher,ihrer,orig,erro,iehr,uche,ehrer,ohre,iehre,iere,ehre,eüch,ihr',aire,üeche,eier,ache,üech,acha,üche,,,,,,,,,,,,
thàte,tante,thàt,htet,tatt,thüet,tant,,,,,,,,,,,,,,,,,,,,,,,,,,,,
lange,link,ling,lang,läng,,,,,,,,,,,,,,,,,,,,,,,,,,,,,,
mlig,,,,,,,,,,,,,,,,,,,,,,,,,,,,,,,,,,
chnap,,,,,,,,,,,,,,,,,,,,,,,,,,,,,,,,,,
chim,kame,g'me,kämme,kämm,kàmi,g'mei,g'ma,,,,,,,,,,,,,,,,,,,,,,,,,,,
ewann,afan,enfin,efan,ewan,,,,,,,,,,,,,,,,,,,,,,,,,,,,,,
mpel,,,,,,,,,,,,,,,,,,,,,,,,,,,,,,,,,,
b'sch,,,,,,,,,,,,,,,,,,,,,,,,,,,,,,,,,,
fege,,,,,,,,,,,,,,,,,,,,,,,,,,,,,,,,,,
tscht,desto,dest,,,,,,,,,,,,,,,,,,,,,,,,,,,,,,,,
elbo,,,,,,,,,,,,,,,,,,,,,,,,,,,,,,,,,,
keine,chine,gien,kenne,chön,cien,kenn,chöen,känn,g'nüe,chin,kunn,genüe,geni,chna,känne,gann,g'nü,kane,chöne,kuen,genü,kaner,,,,,,,,,,,,
rste,rist,risti,,,,,,,,,,,,,,,,,,,,,,,,,,,,,,,,
iroth,arth,,,,,,,,,,,,,,,,,,,,,,,,,,,,,,,,,
roge,rage,,,,,,,,,,,,,,,,,,,,,,,,,,,,,,,,,
kant,kännt,kannt,gent,kennt,kunnt,chand,chint,,,,,,,,,,,,,,,,,,,,,,,,,,,
ebbis,ebbes,,,,,,,,,,,,,,,,,,,,,,,,,,,,,,,,,
igsc,,,,,,,,,,,,,,,,,,,,,,,,,,,,,,,,,,
johr,,,,,,,,,,,,,,,,,,,,,,,,,,,,,,,,,,
risch,riche,rschi,hrsch,,,,,,,,,,,,,,,,,,,,,,,,,,,,,,,
oncle,oncl,ungli,ungl,,,,,,,,,,,,,,,,,,,,,,,,,,,,,,,
dunke,ding,dunk,tung,danke,dank,htung,,,,,,,,,,,,,,,,,,,,,,,,,,,,
enfi,,,,,,,,,,,,,,,,,,,,,,,,,,,,,,,,,,
friei,frie,fraü,fiehr,fere,vori,frei,füer,froh,vier,fahr,,,,,,,,,,,,,,,,,,,,,,,,
ross,hris,rosse,riss,risse,ries,,,,,,,,,,,,,,,,,,,,,,,,,,,,,
liewe,lavi,laüfe,hlofe,llewi,lofe,laüf,liwe,laüw,llew,lavie,lewi,laüwe,hlof,lewe,liew,,,,,,,,,,,,,,,,,,,
mmig,'mei,mien,mich,mmer,,,,,,,,,,,,,,,,,,,,,,,,,,,,,,
wirk,verg,verga,verge,,,,,,,,,,,,,,,,,,,,,,,,,,,,,,,
edig,,,,,,,,,,,,,,,,,,,,,,,,,,,,,,,,,,
hang,,,,,,,,,,,,,,,,,,,,,,,,,,,,,,,,,,
näin,,,,,,,,,,,,,,,,,,,,,,,,,,,,,,,,,,
wage,wege,,,,,,,,,,,,,,,,,,,,,,,,,,,,,,,,,
ritte,rait,rede,ried,riede,ritt,reit,rete,rdien,rder,rdie,redt,'hört,rüed,hritt,rüede,reid,hrit,rtig,rrot,,,,,,,,,,,,,,,
monet,meint,,,,,,,,,,,,,,,,,,,,,,,,,,,,,,,,,
blib,,,,,,,,,,,,,,,,,,,,,,,,,,,,,,,,,,
unde,annt,anda,unte,eint,inte,ohnt,ännt,inot,enti,anto,ande,ander,unnt,antoi,under,inde,ante,ennt,ehnt,onet,,,,,,,,,,,,,,
fisse,fües,visi,fiss,,,,,,,,,,,,,,,,,,,,,,,,,,,,,,,
riwe,hriw,hriwe,,,,,,,,,,,,,,,,,,,,,,,,,,,,,,,,
broc,brüc,burg,proc,,,,,,,,,,,,,,,,,,,,,,,,,,,,,,,
ware,wach,wuch,wier,woru,vorig,wore,vori,wuche,wiere,wohr,hwör,,,,,,,,,,,,,,,,,,,,,,,
ewill,ewil,iwel,,,,,,,,,,,,,,,,,,,,,,,,,,,,,,,,
blüet,plat,pielt,,,,,,,,,,,,,,,,,,,,,,,,,,,,,,,,
rlig,rlaü,,,,,,,,,,,,,,,,,,,,,,,,,,,,,,,,,
rdien,,,,,,,,,,,,,,,,,,,,,,,,,,,,,,,,,,
wisse,wäis,'wis,'wiss,weis,visi,wiss,hwes,weiss,,,,,,,,,,,,,,,,,,,,,,,,,,
höne,hine,hein,höen,hann,hien,,,,,,,,,,,,,,,,,,,,,,,,,,,,,
hamb,,,,,,,,,,,,,,,,,,,,,,,,,,,,,,,,,,
selbo,sselb,,,,,,,,,,,,,,,,,,,,,,,,,,,,,,,,,
wege,wack,wage,wacke,w-ic,,,,,,,,,,,,,,,,,,,,,,,,,,,,,,
dieb,,,,,,,,,,,,,,,,,,,,,,,,,,,,,,,,,,
ambed,,,,,,,,,,,,,,,,,,,,,,,,,,,,,,,,,,
etsc,itzk,,,,,,,,,,,,,,,,,,,,,,,,,,,,,,,,,
htig,tüec,tock,deck,teck,thig,,,,,,,,,,,,,,,,,,,,,,,,,,,,,
inter,üette,üede,eder,iede,unte,inte,eter,atte,enti,itta,antoi,otte,eiter,eite,oder,üeter,ieht,unter,äter,üeder,idee,edig,üete,atter,ante,eide,ieder,itai,eint,üett,it-e,ater,anto,iter
it-em,adame,,,,,,,,,,,,,,,,,,,,,,,,,,,,,,,,,
nzig,,,,,,,,,,,,,,,,,,,,,,,,,,,,,,,,,,
mpier,,,,,,,,,,,,,,,,,,,,,,,,,,,,,,,,,,
acker,ücie,ückü,eige,ücien,egeh,aüge,acke,ocke,igen,üege,eigen,iege,,,,,,,,,,,,,,,,,,,,,,
tant,tante,tund,,,,,,,,,,,,,,,,,,,,,,,,,,,,,,,,
wunde,hwind,wind,wohnt,wand,,,,,,,,,,,,,,,,,,,,,,,,,,,,,,
packt,,,,,,,,,,,,,,,,,,,,,,,,,,,,,,,,,,
rzehl,rzähl,,,,,,,,,,,,,,,,,,,,,,,,,,,,,,,,,
werde,verdi,worde,warte,verd,vert,werd,wart,word,wird,wort,,,,,,,,,,,,,,,,,,,,,,,,
hitt,hàte,hätt,hüet,hinte,hatt,heite,hint,,,,,,,,,,,,,,,,,,,,,,,,,,,
haffe,hewe,haff,,,,,,,,,,,,,,,,,,,,,,,,,,,,,,,,
reif,rief,riff,riwe,hriw,hriwe,rfah,roff,,,,,,,,,,,,,,,,,,,,,,,,,,,
chinl,chnal,,,,,,,,,,,,,,,,,,,,,,,,,,,,,,,,,
nüss,niss,,,,,,,,,,,,,,,,,,,,,,,,,,,,,,,,,
bart,part,brüed,port,piert,,,,,,,,,,,,,,,,,,,,,,,,,,,,,,
comp,chamb,,,,,,,,,,,,,,,,,,,,,,,,,,,,,,,,,
spiel,,,,,,,,,,,,,,,,,,,,,,,,,,,,,,,,,,
gest,gste,,,,,,,,,,,,,,,,,,,,,,,,,,,,,,,,,
wiwe,,,,,,,,,,,,,,,,,,,,,,,,,,,,,,,,,,
verf,,,,,,,,,,,,,,,,,,,,,,,,,,,,,,,,,,
mäin,mein,mine,mone,'mein,mien,,,,,,,,,,,,,,,,,,,,,,,,,,,,,
ster,stru,strei,stir,stor,stre,star,,,,,,,,,,,,,,,,,,,,,,,,,,,,
wier,w-ich,vier,,,,,,,,,,,,,,,,,,,,,,,,,,,,,,,,
erze,erzeh,arze,erzüe,erzei,erzä,erzü,erzäh,,,,,,,,,,,,,,,,,,,,,,,,,,,
unger,,,,,,,,,,,,,,,,,,,,,,,,,,,,,,,,,,
üchs,,,,,,,,,,,,,,,,,,,,,,,,,,,,,,,,,,
lickl,,,,,,,,,,,,,,,,,,,,,,,,,,,,,,,,,,
tscha,ttsch,tisch,,,,,,,,,,,,,,,,,,,,,,,,,,,,,,,,
teckt,,,,,,,,,,,,,,,,,,,,,,,,,,,,,,,,,,
chüal,chle,schle,chlä,schlä,schla,schlo,chul,chlag,schul,,,,,,,,,,,,,,,,,,,,,,,,,
ràcht,rocht,rücht,racht,,,,,,,,,,,,,,,,,,,,,,,,,,,,,,,
angs,,,,,,,,,,,,,,,,,,,,,,,,,,,,,,,,,,
hilf,,,,,,,,,,,,,,,,,,,,,,,,,,,,,,,,,,
seif,seife,,,,,,,,,,,,,,,,,,,,,,,,,,,,,,,,,
llei,hlag,'hal,llich,hler,lüag,llig,,,,,,,,,,,,,,,,,,,,,,,,,,,,
trag,derg,tark,trage,,,,,,,,,,,,,,,,,,,,,,,,,,,,,,,
verlo,verle,verl,verla,,,,,,,,,,,,,,,,,,,,,,,,,,,,,,,
lets,latz,,,,,,,,,,,,,,,,,,,,,,,,,,,,,,,,,
zahn,zehn,zehne,,,,,,,,,,,,,,,,,,,,,,,,,,,,,,,,
dert,tocht,tiert,tert,,,,,,,,,,,,,,,,,,,,,,,,,,,,,,,
achte,arde,ocht,achtu,àcht,erti,àchti,iert,ochte,acht,üecht,arte,errot,ahrt,irot,erdie,erde,ücht,irote,erda,öert,ertig,,,,,,,,,,,,,
süec,ssig,sack,seig,soga,sika,sage,,,,,,,,,,,,,,,,,,,,,,,,,,,,
ntlig,ntli,ndlig,ndle,,,,,,,,,,,,,,,,,,,,,,,,,,,,,,,
piele,piel,blüe,,,,,,,,,,,,,,,,,,,,,,,,,,,,,,,,
ücküc,,,,,,,,,,,,,,,,,,,,,,,,,,,,,,,,,,
tele,deli,tell,tlig,theil,ttle,telle,dlig,till,,,,,,,,,,,,,,,,,,,,,,,,,,
laübt,libt,,,,,,,,,,,,,,,,,,,,,,,,,,,,,,,,,
enier,einer,,,,,,,,,,,,,,,,,,,,,,,,,,,,,,,,,
eier,ieih,äich,,,,,,,,,,,,,,,,,,,,,,,,,,,,,,,,
kuns,ganz,kuenz,,,,,,,,,,,,,,,,,,,,,,,,,,,,,,,,
itzi,edis,,,,,,,,,,,,,,,,,,,,,,,,,,,,,,,,,
chwör,,,,,,,,,,,,,,,,,,,,,,,,,,,,,,,,,,
hasc,,,,,,,,,,,,,,,,,,,,,,,,,,,,,,,,,,
fino,,,,,,,,,,,,,,,,,,,,,,,,,,,,,,,,,,
uenz,eins,enns,einz,iens,,,,,,,,,,,,,,,,,,,,,,,,,,,,,,
bliw,bliwe,,,,,,,,,,,,,,,,,,,,,,,,,,,,,,,,,
allem,ielmo,elmo,ielm,,,,,,,,,,,,,,,,,,,,,,,,,,,,,,,
wenig,,,,,,,,,,,,,,,,,,,,,,,,,,,,,,,,,,
lehn,leine,lene,llon,,,,,,,,,,,,,,,,,,,,,,,,,,,,,,,
ochbe,erba,erbi,ochb,,,,,,,,,,,,,,,,,,,,,,,,,,,,,,,
erke,orig,erge,erga,erka,orge,erken,erika,,,,,,,,,,,,,,,,,,,,,,,,,,,
chaff,chef,chàf,schàf,,,,,,,,,,,,,,,,,,,,,,,,,,,,,,,
derb,derba,,,,,,,,,,,,,,,,,,,,,,,,,,,,,,,,,
g'sch,kasch,kecha,kech,,,,,,,,,,,,,,,,,,,,,,,,,,,,,,,
g'wis,chwes,,,,,,,,,,,,,,,,,,,,,,,,,,,,,,,,,
krage,krag,,,,,,,,,,,,,,,,,,,,,,,,,,,,,,,,,
rage,ruck,rken,roge,rika,rick,,,,,,,,,,,,,,,,,,,,,,,,,,,,,
igst,,,,,,,,,,,,,,,,,,,,,,,,,,,,,,,,,,
derzü,derz,,,,,,,,,,,,,,,,,,,,,,,,,,,,,,,,,
rfahr,rfir,,,,,,,,,,,,,,,,,,,,,,,,,,,,,,,,,
üass,essie,ässe,iesse,ossig,iess,üess,ossi,esser,asso,äiss,ass-,asse,eiss,assie,eisse,esen,,,,,,,,,,,,,,,,,,
milie,mlig,mole,,,,,,,,,,,,,,,,,,,,,,,,,,,,,,,,
unsr,,,,,,,,,,,,,,,,,,,,,,,,,,,,,,,,,,
poss,pass,bbis,basso,bess,bbes,b'su,posi,possi,besse,,,,,,,,,,,,,,,,,,,,,,,,,
umpie,ambe,ambo,umpi,,,,,,,,,,,,,,,,,,,,,,,,,,,,,,,
rtig,,,,,,,,,,,,,,,,,,,,,,,,,,,,,,,,,,
ertr,,,,,,,,,,,,,,,,,,,,,,,,,,,,,,,,,,
still,stel,stell,chtl,stol,stil,,,,,,,,,,,,,,,,,,,,,,,,,,,,,
hrem,rmer,,,,,,,,,,,,,,,,,,,,,,,,,,,,,,,,,
wohl,welle,wele,will,viell,viel,well,,,,,,,,,,,,,,,,,,,,,,,,,,,,
zimme,züem,zimm,,,,,,,,,,,,,,,,,,,,,,,,,,,,,,,,
orne,oren,erno,,,,,,,,,,,,,,,,,,,,,,,,,,,,,,,,
nimm,niem,nieme,nàmm,name,nimi,nimmi,nàmme,,,,,,,,,,,,,,,,,,,,,,,,,,,
rink,rank,ranke,rinke,ring,ringe,rang,,,,,,,,,,,,,,,,,,,,,,,,,,,,
chber,chbe,spie,,,,,,,,,,,,,,,,,,,,,,,,,,,,,,,,
'fal,'fall,fall,viell,viel,feli,fehle,,,,,,,,,,,,,,,,,,,,,,,,,,,,
altun,,,,,,,,,,,,,,,,,,,,,,,,,,,,,,,,,,
losst,,,,,,,,,,,,,,,,,,,,,,,,,,,,,,,,,,
fallt,,,,,,,,,,,,,,,,,,,,,,,,,,,,,,,,,,
verwi,,,,,,,,,,,,,,,,,,,,,,,,,,,,,,,,,,
mbed,mbedi,,,,,,,,,,,,,,,,,,,,,,,,,,,,,,,,,
term,derm,trum,drum,,,,,,,,,,,,,,,,,,,,,,,,,,,,,,,
laüb,,,,,,,,,,,,,,,,,,,,,,,,,,,,,,,,,,
zeige,zige,zoge,,,,,,,,,,,,,,,,,,,,,,,,,,,,,,,,
harz,,,,,,,,,,,,,,,,,,,,,,,,,,,,,,,,,,
wider,wiede,vatte,wott,wied,vate,wide,vatt,vater,,,,,,,,,,,,,,,,,,,,,,,,,,
g'sàh,gass,gsai,gasse,geis,g'se,cüsi,g'sài,gsih,gesse,g'sà,g'su,,,,,,,,,,,,,,,,,,,,,,,
lewil,,,,,,,,,,,,,,,,,,,,,,,,,,,,,,,,,,
halt,huldi,huld,held,halte,,,,,,,,,,,,,,,,,,,,,,,,,,,,,,
rànz,,,,,,,,,,,,,,,,,,,,,,,,,,,,,,,,,,
amer,eimo,immig,ämme,emma,umen,äime,immer,immi,ieme,umma,imme,àmme,,,,,,,,,,,,,,,,,,,,,,
rine,ranç,,,,,,,,,,,,,,,,,,,,,,,,,,,,,,,,,
lsass,lsas,,,,,,,,,,,,,,,,,,,,,,,,,,,,,,,,,
arwe,erwe,erwa,ervo,orwe,erwi,,,,,,,,,,,,,,,,,,,,,,,,,,,,,
haw-,hewe,haw-i,,,,,,,,,,,,,,,,,,,,,,,,,,,,,,,,
ethe,othe,üeth,,,,,,,,,,,,,,,,,,,,,,,,,,,,,,,,
eisch,iesch,echa,üesch,isch,asch,iech,üchs,äich,,,,,,,,,,,,,,,,,,,,,,,,,,
verzä,verze,,,,,,,,,,,,,,,,,,,,,,,,,,,,,,,,,
iers,ohrs,erso,,,,,,,,,,,,,,,,,,,,,,,,,,,,,,,,
erst,erste,ersta,,,,,,,,,,,,,,,,,,,,,,,,,,,,,,,,
ndet,,,,,,,,,,,,,,,,,,,,,,,,,,,,,,,,,,
gitz,,,,,,,,,,,,,,,,,,,,,,,,,,,,,,,,,,
derfi,trof,dervo,derv,druf,derfe,derf,därf,,,,,,,,,,,,,,,,,,,,,,,,,,,
nlig,,,,,,,,,,,,,,,,,,,,,,,,,,,,,,,,,,
mich,,,,,,,,,,,,,,,,,,,,,,,,,,,,,,,,,,
allon,elin,,,,,,,,,,,,,,,,,,,,,,,,,,,,,,,,,
awer,,,,,,,,,,,,,,,,,,,,,,,,,,,,,,,,,,
freid,verdi,verd,vert,fert,fried,ferti,furt,fahrt,fred,,,,,,,,,,,,,,,,,,,,,,,,,
utzt,,,,,,,,,,,,,,,,,,,,,,,,,,,,,,,,,,
üsika,iesc,üsik,üesc,üsg',äisc,ossig,eisc,,,,,,,,,,,,,,,,,,,,,,,,,,,
ànze,uenz,inzig,einz,einzi,inzi,,,,,,,,,,,,,,,,,,,,,,,,,,,,,
rzeh,rzeih,rzüe,rzäh,rzei,,,,,,,,,,,,,,,,,,,,,,,,,,,,,,
zoge,zeig,tzig,zige,zeige,,,,,,,,,,,,,,,,,,,,,,,,,,,,,,
müess,mies,müsi,müas,mües,meis,müass,miess,messe,,,,,,,,,,,,,,,,,,,,,,,,,,
antw,antwo,,,,,,,,,,,,,,,,,,,,,,,,,,,,,,,,,
brief,,,,,,,,,,,,,,,,,,,,,,,,,,,,,,,,,,
ester,ister,,,,,,,,,,,,,,,,,,,,,,,,,,,,,,,,,
nzig,nutz,,,,,,,,,,,,,,,,,,,,,,,,,,,,,,,,,
ertig,,,,,,,,,,,,,,,,,,,,,,,,,,,,,,,,,,
worum,verm,,,,,,,,,,,,,,,,,,,,,,,,,,,,,,,,,
insc,einsc,ünsc,unsc,,,,,,,,,,,,,,,,,,,,,,,,,,,,,,,
müesc,müsik,meisc,,,,,,,,,,,,,,,,,,,,,,,,,,,,,,,,
avie,aw-i,aüwe,avier,iwer,,,,,,,,,,,,,,,,,,,,,,,,,,,,,,
rder,rtra,,,,,,,,,,,,,,,,,,,,,,,,,,,,,,,,,
süech,ssier,ss-r,sache,siere,,,,,,,,,,,,,,,,,,,,,,,,,,,,,,
esel,osele,osel,,,,,,,,,,,,,,,,,,,,,,,,,,,,,,,,
inlig,inele,enel,enele,inli,,,,,,,,,,,,,,,,,,,,,,,,,,,,,,
chmut,,,,,,,,,,,,,,,,,,,,,,,,,,,,,,,,,,
kleid,kalt,guld,gald,geld,chuld,,,,,,,,,,,,,,,,,,,,,,,,,,,,,
verm,,,,,,,,,,,,,,,,,,,,,,,,,,,,,,,,,,
g'wi,chwi,chwö,,,,,,,,,,,,,,,,,,,,,,,,,,,,,,,,
gege,,,,,,,,,,,,,,,,,,,,,,,,,,,,,,,,,,
htme,htmei,dame,domi,dumm,tmei,t-em,timm,timme,,,,,,,,,,,,,,,,,,,,,,,,,,
gange,gang,gieng,,,,,,,,,,,,,,,,,,,,,,,,,,,,,,,,
ifeg,ifege,eweg,,,,,,,,,,,,,,,,,,,,,,,,,,,,,,,,
mpie,mpier,,,,,,,,,,,,,,,,,,,,,,,,,,,,,,,,,
chàft,,,,,,,,,,,,,,,,,,,,,,,,,,,,,,,,,,
wider,,,,,,,,,,,,,,,,,,,,,,,,,,,,,,,,,,
hand,hànd,hinte,hande,hint,,,,,,,,,,,,,,,,,,,,,,,,,,,,,,
weste,west,hwest,,,,,,,,,,,,,,,,,,,,,,,,,,,,,,,,
siche,,,,,,,,,,,,,,,,,,,,,,,,,,,,,,,,,,
höer,herr,hiro,harr,hüre,,,,,,,,,,,,,,,,,,,,,,,,,,,,,,
mmig,hmec,hmeck,meck,'mac,möge,,,,,,,,,,,,,,,,,,,,,,,,,,,,,
katri,ktri,katr,,,,,,,,,,,,,,,,,,,,,,,,,,,,,,,,
wisc,weisc,,,,,,,,,,,,,,,,,,,,,,,,,,,,,,,,,
verlo,verle,verl,verla,,,,,,,,,,,,,,,,,,,,,,,,,,,,,,,
ndere,nder,ntier,ndre,nter,natir,,,,,,,,,,,,,,,,,,,,,,,,,,,,,
llem,,,,,,,,,,,,,,,,,,,,,,,,,,,,,,,,,,
hahah,hoho,,,,,,,,,,,,,,,,,,,,,,,,,,,,,,,,,
sitze,,,,,,,,,,,,,,,,,,,,,,,,,,,,,,,,,,
chöe,-ich,'sch,'scha,'schi,chier,schi,chöen,chaü,schàh,schö,schü,schöe,'schà,chàh,scho,chüa,schüa,schaü,scha,schà,,,,,,,,,,,,,,
chrit,krit,giert,grad,,,,,,,,,,,,,,,,,,,,,,,,,,,,,,,
unsch,ünsch,insch,,,,,,,,,,,,,,,,,,,,,,,,,,,,,,,,
aüft,,,,,,,,,,,,,,,,,,,,,,,,,,,,,,,,,,
send,sund,'sund,sunde,,,,,,,,,,,,,,,,,,,,,,,,,,,,,,,
sisc,,,,,,,,,,,,,,,,,,,,,,,,,,,,,,,,,,
ester,eist,ichte,ister,eiste,asti,este,esto,aste,echte,iste,icht,,,,,,,,,,,,,,,,,,,,,,,
cüsin,g'sun,,,,,,,,,,,,,,,,,,,,,,,,,,,,,,,,,
ilhü,,,,,,,,,,,,,,,,,,,,,,,,,,,,,,,,,,
alwer,alwe,allew,,,,,,,,,,,,,,,,,,,,,,,,,,,,,,,,
lecht,licht,last,,,,,,,,,,,,,,,,,,,,,,,,,,,,,,,,
torwe,torw,terw,derw,dervo,derv,,,,,,,,,,,,,,,,,,,,,,,,,,,,,
ntoin,,,,,,,,,,,,,,,,,,,,,,,,,,,,,,,,,,
aw-ic,eweg,,,,,,,,,,,,,,,,,,,,,,,,,,,,,,,,,
fris,verz,,,,,,,,,,,,,,,,,,,,,,,,,,,,,,,,,
steck,stoc,chtk,schtk,stec,stock,,,,,,,,,,,,,,,,,,,,,,,,,,,,,
kasc,geisc,g'sc,,,,,,,,,,,,,,,,,,,,,,,,,,,,,,,,
mols,,,,,,,,,,,,,,,,,,,,,,,,,,,,,,,,,,
ikant,ickt,ackt,üegt,eckt,,,,,,,,,,,,,,,,,,,,,,,,,,,,,,
ewan,ewann,,,,,,,,,,,,,,,,,,,,,,,,,,,,,,,,,
capit,,,,,,,,,,,,,,,,,,,,,,,,,,,,,,,,,,
nfin,,,,,,,,,,,,,,,,,,,,,,,,,,,,,,,,,,
gewan,chwin,,,,,,,,,,,,,,,,,,,,,,,,,,,,,,,,,
g'fal,,,,,,,,,,,,,,,,,,,,,,,,,,,,,,,,,,
'nüe,nuej,nier,,,,,,,,,,,,,,,,,,,,,,,,,,,,,,,,
leit,lied,lüet,ldig,leide,leid,lüte,'halt,lade,lter,,,,,,,,,,,,,,,,,,,,,,,,,
sott,sàit,sait,siter,'sto,'sta,sotte,säit,'ste,'sàit,site,sieht,,,,,,,,,,,,,,,,,,,,,,,
riei,raüe,'hir,hrer,reie,rüeh,rieh,rieih,'hiro,'hör,,,,,,,,,,,,,,,,,,,,,,,,,
apit,aübt,abet,apita,upped,,,,,,,,,,,,,,,,,,,,,,,,,,,,,,
